{"cameraMode":{"drawMode":0,"name":"Shaded","section":"Shading Mode"},"sceneLighting":true,"audioPlay":false,"sceneViewState":{"m_AlwaysRefresh":false,"showFog":true,"showSkybox":true,"showFlares":true,"showImageEffects":true,"showParticleSystems":true,"showVisualEffectGraphs":true,"m_FxEnabled":true},"in2DMode":false,"pivot":{"x":20.46746063232422,"y":3.5879945755004885,"z":17.934003829956056},"rotation":{"x":-0.01949739083647728,"y":-0.011997443623840809,"z":-0.00023397963377647102,"w":0.9997383952140808},"size":18.88538932800293,"orthographic":false}