{"cameraMode":{"drawMode":0,"name":"Shaded","section":"Shading Mode"},"sceneLighting":true,"audioPlay":false,"sceneViewState":{"m_AlwaysRefresh":false,"showFog":true,"showSkybox":true,"showFlares":true,"showImageEffects":true,"showParticleSystems":true,"showVisualEffectGraphs":true,"m_FxEnabled":true},"in2DMode":false,"pivot":{"x":-20.56048583984375,"y":-2.314764976501465,"z":18.969507217407228},"rotation":{"x":0.10776279866695404,"y":-0.022366633638739587,"z":0.002425092039629817,"w":0.9939205050468445},"size":19.654399871826173,"orthographic":false}