{"cameraMode":{"drawMode":0,"name":"Shaded","section":"Shading Mode"},"sceneLighting":true,"audioPlay":false,"sceneViewState":{"m_AlwaysRefresh":false,"showFog":true,"showSkybox":true,"showFlares":true,"showImageEffects":true,"showParticleSystems":true,"showVisualEffectGraphs":true,"m_FxEnabled":true},"in2DMode":false,"pivot":{"x":-17.18029022216797,"y":-1.7797248363494874,"z":-1.3014678955078126},"rotation":{"x":0.013436967507004738,"y":0.44434666633605959,"z":-0.0066656931303441528,"w":0.8957304954528809},"size":17.500431060791017,"orthographic":false}